{
  "8 team 2 pool format breaking to a 2 team [2, 0]-bracket": {
    "iters": 200000,
    "decay": 0.3633162606735763,
    "margin": 0.001179656388062335,
    "seed_wins": [ 24939, 25209, 24852, 24789, 25330, 24947, 25055, 24879 ],
    "is_fair": true,
    "max_games": 4
  },
  "8 team 2 pool format breaking to a 1 team [1]-bracket": {
    "iters": 200000,
    "decay": 0.6769862873466859,
    "margin": 0.001683824612045888,
    "seed_wins": [ 50247, 0, 49642, 0, 49974, 0, 50137, 0 ],
    "is_fair": false,
    "max_games": 3
  },
  "8 team 3 pool format breaking to a 4 team [0, 4, 0, 0]-bracket": {
    "iters": 200000,
    "decay": 0.367163835964107,
    "margin": 0.0011866820372535454,
    "seed_wins": [ 30307, 20187, 24466, 30062, 20039, 24473, 30229, 20237 ],
    "is_fair": false,
    "max_games": 4
  },
  "8 team 3 pool format breaking to a 3 team [2, 1, 0]-bracket": {
    "iters": 200000,
    "decay": 0.37345616610695065,
    "margin": 0.0012047394344429862,
    "seed_wins": [ 29891, 20193, 24566, 30084, 20378, 24816, 29538, 20534 ],
    "is_fair": false,
    "max_games": 4
  },
  "8 team 3 pool format breaking to a 2 team [2, 0]-bracket": {
    "iters": 200000,
    "decay": 0.4938131394600928,
    "margin": 0.001424085545785079,
    "seed_wins": [ 33231, 33350, 0, 33108, 33572, 0, 33394, 33345 ],
    "is_fair": false,
    "max_games": 3
  },
  "8 team 3 pool format breaking to a 1 team [1]-bracket": {
    "iters": 200000,
    "decay": 0.8273794689218893,
    "margin": 0.0018666538306069268,
    "seed_wins": [ 66146, 0, 0, 66885, 0, 0, 66969, 0 ],
    "is_fair": false,
    "max_games": 2
  },
  "8 team 4 pool format breaking to a 8 team [0, 0, 0, 0, 8, 0, 0, 0]-bracket": {
    "iters": 200000,
    "decay": 0.3554187646826188,
    "margin": 0.0011609286235771791,
    "seed_wins": [ 25008, 25025, 25094, 24873, 25093, 24935, 25077, 24895 ],
    "is_fair": true,
    "max_games": 4
  },
  "8 team 4 pool format breaking to a 7 team [0, 0, 0, 6, 1, 0, 0]-bracket": {
    "iters": 200000,
    "decay": 0.3577154074275154,
    "margin": 0.0011679669894076208,
    "seed_wins": [ 30070, 25185, 25094, 19779, 30050, 25183, 24926, 19713 ],
    "is_fair": false,
    "max_games": 4
  },
  "8 team 4 pool format breaking to a 6 team [0, 0, 4, 2, 0, 0]-bracket": {
    "iters": 200000,
    "decay": 0.35899452468060494,
    "margin": 0.0011740818398701706,
    "seed_wins": [ 30158, 30046, 19939, 19861, 30150, 30167, 19892, 19787 ],
    "is_fair": false,
    "max_games": 4
  },
  "8 team 4 pool format breaking to a 5 team [0, 2, 3, 0, 0]-bracket": {
    "iters": 200000,
    "decay": 0.36218417950595083,
    "margin": 0.0011747049764684954,
    "seed_wins": [ 30398, 24876, 24975, 19678, 30105, 24854, 25205, 19909 ],
    "is_fair": false,
    "max_games": 4
  },
  "8 team 4 pool format breaking to a 5 team [0, 4, 0, 1, 0]-bracket": {
    "iters": 190000,
    "decay": 0.39018681392096166,
    "margin": 0.0012841066262643877,
    "seed_wins": [ 42090, 18982, 16887, 16932, 42395, 19047, 16763, 16904 ],
    "is_fair": false,
    "max_games": 4
  },
  "8 team 4 pool format breaking to a 4 team [0, 4, 0, 0]-bracket": {
    "iters": 190000,
    "decay": 0.3653881837834608,
    "margin": 0.0012141912084174204,
    "seed_wins": [ 23580, 23598, 23723, 23847, 23810, 23734, 23785, 23923 ],
    "is_fair": true,
    "max_games": 3
  },
  "8 team 4 pool format breaking to a 4 team [2, 1, 1, 0]-bracket": {
    "iters": 190000,
    "decay": 0.3908355303632424,
    "margin": 0.0012857345924449878,
    "seed_wins": [ 37093, 23531, 17150, 17044, 37160, 23807, 17147, 17068 ],
    "is_fair": false,
    "max_games": 4
  },
  "8 team 4 pool format breaking to a 3 team [2, 1, 0]-bracket": {
    "iters": 190000,
    "decay": 0.4997537111944084,
    "margin": 0.00148057117528593,
    "seed_wins": [ 40655, 27059, 27357, 0, 40566, 27169, 27194, 0 ],
    "is_fair": false,
    "max_games": 3
  },
  "8 team 4 pool format breaking to a 2 team [2, 0]-bracket": {
    "iters": 190000,
    "decay": 0.676538501674921,
    "margin": 0.0017269881573245874,
    "seed_wins": [ 47745, 47561, 0, 0, 47135, 47559, 0, 0 ],
    "is_fair": false,
    "max_games": 2
  },
  "8 team 4 pool format breaking to a 1 team [1]-bracket": {
    "iters": 190000,
    "decay": 1.0230870864826196,
    "margin": 0.002099729452279637,
    "seed_wins": [ 94784, 0, 0, 0, 95216, 0, 0, 0 ],
    "is_fair": false,
    "max_games": 1
  },
  "8 team 8 pool format breaking to a 8 team [0, 0, 0, 0, 8, 0, 0, 0]-bracket": {
    "iters": 190000,
    "decay": 0.36434364395009794,
    "margin": 0.0012092251073050047,
    "seed_wins": [ 23819, 23678, 23876, 23708, 23812, 23745, 23830, 23532 ],
    "is_fair": true,
    "max_games": 3
  },
  "8 team 8 pool format breaking to a 8 team [0, 0, 0, 2, 5, 1, 0, 0]-bracket": {
    "iters": 190000,
    "decay": 0.3711852365704425,
    "margin": 0.0012301918871562576,
    "seed_wins": [ 33369, 22613, 23323, 25386, 25782, 23629, 18091, 17807 ],
    "is_fair": false,
    "max_games": 4
  },
  "8 team 8 pool format breaking to a 8 team [0, 0, 0, 4, 2, 2, 0, 0]-bracket": {
    "iters": 190000,
    "decay": 0.37869622216198884,
    "margin": 0.0012503309376653018,
    "seed_wins": [ 32784, 33003, 24161, 24068, 18896, 18961, 18917, 19210 ],
    "is_fair": false,
    "max_games": 4
  },
  "8 team 8 pool format breaking to a 8 team [0, 0, 0, 6, 1, 0, 1, 0]-bracket": {
    "iters": 190000,
    "decay": 0.4230928434364726,
    "margin": 0.0013817159384902872,
    "seed_wins": [ 57065, 23745, 17883, 18070, 18670, 18793, 17995, 17779 ],
    "is_fair": false,
    "max_games": 4
  },
  "8 team 8 pool format breaking to a 7 team [0, 0, 0, 6, 1, 0, 0]-bracket": {
    "iters": 190000,
    "decay": 0.4250428555445378,
    "margin": 0.0013412475396490185,
    "seed_wins": [ 35300, 25534, 25058, 26907, 26954, 25198, 25049, 0 ],
    "is_fair": false,
    "max_games": 3
  },
  "8 team 8 pool format breaking to a 7 team [0, 0, 2, 3, 2, 0, 0]-bracket": {
    "iters": 190000,
    "decay": 0.4345847169403392,
    "margin": 0.0013607306808571767,
    "seed_wins": [ 35601, 34837, 25156, 27133, 27148, 19933, 20192, 0 ],
    "is_fair": false,
    "max_games": 4
  },
  "8 team 8 pool format breaking to a 7 team [0, 0, 4, 0, 3, 0, 0]-bracket": {
    "iters": 190000,
    "decay": 0.45057878498978843,
    "margin": 0.0014005000096575105,
    "seed_wins": [ 35220, 39140, 39106, 19088, 19099, 19037, 19310, 0 ],
    "is_fair": false,
    "max_games": 4
  },
  "8 team 8 pool format breaking to a 7 team [0, 0, 4, 2, 0, 1, 0]-bracket": {
    "iters": 190000,
    "decay": 0.47664063569813414,
    "margin": 0.001482151309396896,
    "seed_wins": [ 60058, 24988, 25159, 20092, 20036, 19816, 19851, 0 ],
    "is_fair": false,
    "max_games": 4
  },
  "8 team 8 pool format breaking to a 6 team [0, 0, 4, 2, 0, 0]-bracket": {
    "iters": 190000,
    "decay": 0.49378031774695386,
    "margin": 0.001459646687845677,
    "seed_wins": [ 37861, 38061, 28461, 28529, 28768, 28320, 0, 0 ],
    "is_fair": false,
    "max_games": 3
  },
  "8 team 8 pool format breaking to a 6 team [0, 2, 1, 3, 0, 0]-bracket": {
    "iters": 190000,
    "decay": 0.5107913253900501,
    "margin": 0.0015003021225958224,
    "seed_wins": [ 37797, 41030, 41167, 27176, 21446, 21384, 0, 0 ],
    "is_fair": false,
    "max_games": 4
  },
  "8 team 8 pool format breaking to a 6 team [0, 2, 3, 0, 1, 0]-bracket": {
    "iters": 190000,
    "decay": 0.5351111665543357,
    "margin": 0.0015609625522431084,
    "seed_wins": [ 62889, 27145, 28765, 28601, 21317, 21283, 0, 0 ],
    "is_fair": false,
    "max_games": 4
  },
  "8 team 8 pool format breaking to a 6 team [0, 4, 0, 1, 1, 0]-bracket": {
    "iters": 190000,
    "decay": 0.5494764742490277,
    "margin": 0.001595501839690737,
    "seed_wins": [ 63730, 40854, 21561, 21344, 21002, 21509, 0, 0 ],
    "is_fair": false,
    "max_games": 4
  },
  "8 team 8 pool format breaking to a 5 team [0, 2, 3, 0, 0]-bracket": {
    "iters": 190000,